type,language,likelihood,time
output,Julia 1.5.0,206810.2364004015,0.110513
output,R 4.0.2 , 206810.2 , 1.168701 
output,Rcpp 4.0.2 , 206810.2 , 0.082832 
output,Python 3.7.6 , 206810.23640393734 , 20.359698000000037
output,Numba + Python 3.7.6 , 206810.23640393734 , 0.08626499999975223
output,Matlab 2020a, 206810.236400, 0.196892
[?1l>output,C, 206810.236400, 0.074000
